-- 诗语家居测试数据初始化脚本（V3）
-- 适用：CloudBase MySQL / MySQL 8+
-- 说明：
-- 1. 本脚本为开发/测试环境提供初始数据，请勿用于生产环境。
-- 2. 数据基于 miniprogram/mock/data.js 与实际业务场景生成。
-- 3. 所有时间字段统一使用固定时间戳，便于测试与回归。

USE `shiyu_ware`;

-- 关闭外键检查（本脚本无外键，仅为安全起见）
SET FOREIGN_KEY_CHECKS = 0;

-- -----------------------------------------------------
-- 1. 后台与权限域
-- -----------------------------------------------------

-- 后台角色
INSERT INTO `admin_roles` (`id`, `_openid`, `role_name`, `role_code`, `created_at`) VALUES
(1, '', '超级管理员', 'super_admin', '2026-01-01 00:00:00'),
(2, '', '运营人员', 'operator', '2026-01-01 00:00:00'),
(3, '', '客服人员', 'customer_service', '2026-01-01 00:00:00');

-- 后台用户（密码均为：admin123，实际应加密）
INSERT INTO `admin_users` (`id`, `_openid`, `username`, `password_hash`, `real_name`, `phone`, `status`, `created_at`, `updated_at`) VALUES
(1, '', 'admin', 'pbkdf2:sha256:260000$admin123$hashed_password_placeholder', '系统管理员', '13800138000', 1, '2026-01-01 00:00:00', '2026-01-01 00:00:00'),
(2, '', 'operator01', 'pbkdf2:sha256:260000$operator01$hashed_password_placeholder', '运营小王', '13800138001', 1, '2026-01-15 00:00:00', '2026-01-15 00:00:00'),
(3, '', 'service01', 'pbkdf2:sha256:260000$service01$hashed_password_placeholder', '客服小李', '13800138002', 1, '2026-01-15 00:00:00', '2026-01-15 00:00:00');

-- 用户角色关联
INSERT INTO `admin_user_roles` (`id`, `_openid`, `admin_user_id`, `role_id`) VALUES
(1, '', 1, 1),
(2, '', 2, 2),
(3, '', 3, 3);

-- -----------------------------------------------------
-- 2. 商品分类
-- -----------------------------------------------------

INSERT INTO `categories` (`id`, `_openid`, `parent_id`, `name`, `code`, `icon_url`, `banner_url`, `sort_order`, `status`, `deleted`, `created_at`, `updated_at`) VALUES
(1, '', NULL, '套件', 'taojian', 'https://dummyimage.com/100x100/f6f6f6/999999&text=套件', 'https://dummyimage.com/750x300/f6f6f6/999999&text=套件专区', 1, 1, 0, '2026-01-01 00:00:00', '2026-01-01 00:00:00'),
(2, '', NULL, '被子', 'beizi', 'https://dummyimage.com/100x100/f6f6f6/999999&text=被子', 'https://dummyimage.com/750x300/f6f6f6/999999&text=被子专区', 2, 1, 0, '2026-01-01 00:00:00', '2026-01-01 00:00:00'),
(3, '', NULL, '床盖', 'chuanggai', 'https://dummyimage.com/100x100/f6f6f6/999999&text=床盖', 'https://dummyimage.com/750x300/f6f6f6/999999&text=床盖专区', 3, 1, 0, '2026-01-01 00:00:00', '2026-01-01 00:00:00'),
(4, '', NULL, '枕头', 'zhentou', 'https://dummyimage.com/100x100/f6f6f6/999999&text=枕头', 'https://dummyimage.com/750x300/f6f6f6/999999&text=枕头专区', 4, 1, 0, '2026-01-01 00:00:00', '2026-01-01 00:00:00'),
(5, '', NULL, '凉席', 'liangxi', 'https://dummyimage.com/100x100/f6f6f6/999999&text=凉席', 'https://dummyimage.com/750x300/f6f6f6/999999&text=凉席专区', 5, 1, 0, '2026-01-01 00:00:00', '2026-01-01 00:00:00'),
(6, '', NULL, '婚嫁', 'hunjia', 'https://dummyimage.com/100x100/f6f6f6/999999&text=婚嫁', 'https://dummyimage.com/750x300/f6f6f6/999999&text=婚嫁专区', 6, 1, 0, '2026-01-01 00:00:00', '2026-01-01 00:00:00'),
(7, '', NULL, '专柜系', 'zhuangui', 'https://dummyimage.com/100x100/f6f6f6/999999&text=专柜', 'https://dummyimage.com/750x300/f6f6f6/999999&text=专柜精选', 7, 1, 0, '2026-01-01 00:00:00', '2026-01-01 00:00:00'),
(8, '', NULL, '周边', 'zhoubian', 'https://dummyimage.com/100x100/f6f6f6/999999&text=周边', 'https://dummyimage.com/750x300/f6f6f6/999999&text=周边配件', 8, 1, 0, '2026-01-01 00:00:00', '2026-01-01 00:00:00');

-- -----------------------------------------------------
-- 3. 商品 SPU 与 SKU
-- -----------------------------------------------------

-- 商品 SPU
INSERT INTO `products` (`id`, `_openid`, `product_no`, `category_id`, `title`, `subtitle`, `product_type`, `material_summary`, `main_image`, `min_price`, `max_price`, `original_min_price`, `sales_count`, `favorite_count`, `stock_status`, `is_new`, `is_hot`, `is_recommend`, `status`, `deleted`, `sort_order`, `created_at`, `updated_at`) VALUES
(1, '', 'SPU-001', 1, '60支长绒棉四件套', '亲肤透气 · 轻奢卧室', '套件', '60支长绒棉', 'https://dummyimage.com/400x400/f6f6f6/999999&text=Yu+Home+01', 369.00, 469.00, 639.00, 128, 45, 1, 0, 1, 1, 1, 0, 1, '2026-01-10 00:00:00', '2026-03-10 00:00:00'),
(2, '', 'SPU-002', 2, '抗菌羽丝绒冬被', '保暖蓬松 · 秋冬推荐', '被子', '抗菌羽丝绒', 'https://dummyimage.com/400x400/f6f6f6/999999&text=Yu+Home+02', 249.00, 269.00, 429.00, 86, 32, 1, 0, 1, 0, 1, 0, 2, '2026-01-12 00:00:00', '2026-03-10 00:00:00'),
(3, '', 'SPU-003', 3, 'A类全棉床笠三件套', '柔软不易起球', '床盖', 'A类全棉', 'https://dummyimage.com/400x400/f6f6f6/999999&text=Yu+Home+03', 189.00, 199.00, 319.00, 234, 67, 1, 1, 1, 1, 1, 0, 3, '2026-01-15 00:00:00', '2026-03-10 00:00:00'),
(4, '', 'SPU-004', 4, '轻奢乳胶护颈枕', '慢回弹 · 分区支撑', '枕头', '天然乳胶', 'https://dummyimage.com/400x400/f6f6f6/999999&text=Yu+Home+04', 159.00, 179.00, 259.00, 310, 89, 1, 0, 1, 1, 1, 0, 4, '2026-01-18 00:00:00', '2026-03-10 00:00:00'),
(5, '', 'SPU-005', 6, '婚嫁刺绣六件套', '传统吉祥 · 婚礼专属', '套件', '长绒棉刺绣', 'https://dummyimage.com/400x400/f6f6f6/999999&text=Yu+Home+05', 899.00, 1299.00, 1599.00, 42, 28, 1, 1, 0, 1, 1, 0, 5, '2026-02-01 00:00:00', '2026-03-10 00:00:00'),
(6, '', 'SPU-006', 7, '专柜系列天丝四件套', '高端奢华 · 专柜同款', '套件', '100支天丝', 'https://dummyimage.com/400x400/f6f6f6/999999&text=Yu+Home+06', 1299.00, 1699.00, 2299.00, 18, 12, 1, 1, 0, 1, 1, 0, 6, '2026-02-10 00:00:00', '2026-03-10 00:00:00');

-- 规格组（商品1：四件套）
INSERT INTO `product_spec_groups` (`id`, `_openid`, `product_id`, `name`, `sort_order`, `created_at`) VALUES
(1, '', 1, '尺寸', 1, '2026-01-10 00:00:00'),
(2, '', 1, '材质', 2, '2026-01-10 00:00:00'),
(3, '', 2, '尺寸', 1, '2026-01-12 00:00:00'),
(4, '', 2, '面料', 2, '2026-01-12 00:00:00'),
(5, '', 3, '尺寸', 1, '2026-01-15 00:00:00'),
(6, '', 3, '材质', 2, '2026-01-15 00:00:00'),
(7, '', 4, '款式', 1, '2026-01-18 00:00:00'),
(8, '', 4, '材质', 2, '2026-01-18 00:00:00'),
(9, '', 5, '尺寸', 1, '2026-02-01 00:00:00'),
(10, '', 5, '风格', 2, '2026-02-01 00:00:00'),
(11, '', 6, '尺寸', 1, '2026-02-10 00:00:00'),
(12, '', 6, '颜色', 2, '2026-02-10 00:00:00');

-- 规格值
INSERT INTO `product_spec_values` (`id`, `_openid`, `spec_group_id`, `value`, `image_url`, `sort_order`, `created_at`) VALUES
-- 商品1规格值
(1, '', 1, '1.5m', NULL, 1, '2026-01-10 00:00:00'),
(2, '', 1, '1.8m', NULL, 2, '2026-01-10 00:00:00'),
(3, '', 1, '2.0m', NULL, 3, '2026-01-10 00:00:00'),
(4, '', 2, '全棉', 'https://dummyimage.com/100x100/f6f6f6/999999&text=Cotton', 1, '2026-01-10 00:00:00'),
(5, '', 2, '天丝', 'https://dummyimage.com/100x100/f6f6f6/999999&text=Tencel', 2, '2026-01-10 00:00:00'),
-- 商品2规格值
(6, '', 3, '150x200', NULL, 1, '2026-01-12 00:00:00'),
(7, '', 3, '200x230', NULL, 2, '2026-01-12 00:00:00'),
(8, '', 4, '磨毛', NULL, 1, '2026-01-12 00:00:00'),
-- 商品3规格值
(9, '', 5, '1.5m', NULL, 1, '2026-01-15 00:00:00'),
(10, '', 5, '1.8m', NULL, 2, '2026-01-15 00:00:00'),
(11, '', 6, '全棉', NULL, 1, '2026-01-15 00:00:00'),
-- 商品4规格值
(12, '', 7, '标准款', NULL, 1, '2026-01-18 00:00:00'),
(13, '', 7, '加高款', NULL, 2, '2026-01-18 00:00:00'),
(14, '', 8, '乳胶', NULL, 1, '2026-01-18 00:00:00'),
-- 商品5规格值
(15, '', 9, '1.5m', NULL, 1, '2026-02-01 00:00:00'),
(16, '', 9, '1.8m', NULL, 2, '2026-02-01 00:00:00'),
(17, '', 9, '2.0m', NULL, 3, '2026-02-01 00:00:00'),
(18, '', 10, '龙凤呈祥', 'https://dummyimage.com/100x100/f6f6f6/999999&text=龙凤', 1, '2026-02-01 00:00:00'),
(19, '', 10, '百年好合', 'https://dummyimage.com/100x100/f6f6f6/999999&text=好合', 2, '2026-02-01 00:00:00'),
-- 商品6规格值
(20, '', 11, '1.8m', NULL, 1, '2026-02-10 00:00:00'),
(21, '', 11, '2.0m', NULL, 2, '2026-02-10 00:00:00'),
(22, '', 12, '月光白', 'https://dummyimage.com/100x100/f6f6f6/999999&text=White', 1, '2026-02-10 00:00:00'),
(23, '', 12, '星空蓝', 'https://dummyimage.com/100x100/f6f6f6/999999&text=Blue', 2, '2026-02-10 00:00:00');

-- SKU
INSERT INTO `product_skus` (`id`, `_openid`, `product_id`, `sku_code`, `image_url`, `specs_json`, `price`, `original_price`, `cost_price`, `stock`, `locked_stock`, `warning_stock`, `sales_count`, `weight`, `volume`, `status`, `created_at`, `updated_at`) VALUES
-- 商品1 SKU
(1, '', 1, 'SKU-001-1', 'https://dummyimage.com/400x400/f6f6f6/999999&text=1.5m+Cotton', '{"size":"1.5m","material":"全棉"}', 369.00, 639.00, 180.00, 52, 0, 10, 68, 2.5, 0.02, 1, '2026-01-10 00:00:00', '2026-03-10 00:00:00'),
(2, '', 1, 'SKU-001-2', 'https://dummyimage.com/400x400/f6f6f6/999999&text=1.8m+Cotton', '{"size":"1.8m","material":"全棉"}', 399.00, 699.00, 200.00, 40, 2, 10, 42, 3.0, 0.025, 1, '2026-01-10 00:00:00', '2026-03-10 00:00:00'),
(3, '', 1, 'SKU-001-3', 'https://dummyimage.com/400x400/f6f6f6/999999&text=2.0m+Tencel', '{"size":"2.0m","material":"天丝"}', 469.00, 799.00, 240.00, 21, 0, 5, 18, 3.5, 0.03, 1, '2026-01-10 00:00:00', '2026-03-10 00:00:00'),
-- 商品2 SKU
(4, '', 2, 'SKU-002-1', 'https://dummyimage.com/400x400/f6f6f6/999999&text=150x200', '{"size":"150x200","fabric":"磨毛"}', 249.00, 429.00, 120.00, 34, 0, 8, 36, 2.2, 0.018, 1, '2026-01-12 00:00:00', '2026-03-10 00:00:00'),
(5, '', 2, 'SKU-002-2', 'https://dummyimage.com/400x400/f6f6f6/999999&text=200x230', '{"size":"200x230","fabric":"磨毛"}', 269.00, 469.00, 140.00, 27, 0, 8, 50, 2.8, 0.022, 1, '2026-01-12 00:00:00', '2026-03-10 00:00:00'),
-- 商品3 SKU
(6, '', 3, 'SKU-003-1', 'https://dummyimage.com/400x400/f6f6f6/999999&text=Bed+1.5m', '{"size":"1.5m","material":"全棉"}', 189.00, 319.00, 90.00, 65, 0, 15, 112, 1.8, 0.015, 1, '2026-01-15 00:00:00', '2026-03-10 00:00:00'),
(7, '', 3, 'SKU-003-2', 'https://dummyimage.com/400x400/f6f6f6/999999&text=Bed+1.8m', '{"size":"1.8m","material":"全棉"}', 199.00, 329.00, 95.00, 46, 0, 10, 122, 2.0, 0.017, 1, '2026-01-15 00:00:00', '2026-03-10 00:00:00'),
-- 商品4 SKU
(8, '', 4, 'SKU-004-1', 'https://dummyimage.com/400x400/f6f6f6/999999&text=Std', '{"style":"标准款","material":"乳胶"}', 159.00, 259.00, 70.00, 83, 0, 20, 185, 1.2, 0.008, 1, '2026-01-18 00:00:00', '2026-03-10 00:00:00'),
(9, '', 4, 'SKU-004-2', 'https://dummyimage.com/400x400/f6f6f6/999999&text=High', '{"style":"加高款","material":"乳胶"}', 179.00, 289.00, 80.00, 57, 0, 15, 125, 1.5, 0.01, 1, '2026-01-18 00:00:00', '2026-03-10 00:00:00'),
-- 商品5 SKU
(10, '', 5, 'SKU-005-1', 'https://dummyimage.com/400x400/f6f6f6/999999&text=Wedding+1.5m', '{"size":"1.5m","style":"龙凤呈祥"}', 899.00, 1299.00, 500.00, 15, 0, 5, 12, 4.0, 0.035, 1, '2026-02-01 00:00:00', '2026-03-10 00:00:00'),
(11, '', 5, 'SKU-005-2', 'https://dummyimage.com/400x400/f6f6f6/999999&text=Wedding+1.8m', '{"size":"1.8m","style":"龙凤呈祥"}', 1099.00, 1499.00, 600.00, 12, 0, 3, 18, 4.5, 0.04, 1, '2026-02-01 00:00:00', '2026-03-10 00:00:00'),
(12, '', 5, 'SKU-005-3', 'https://dummyimage.com/400x400/f6f6f6/999999&text=Wedding+2.0m', '{"size":"2.0m","style":"百年好合"}', 1299.00, 1599.00, 700.00, 8, 0, 2, 12, 5.0, 0.045, 1, '2026-02-01 00:00:00', '2026-03-10 00:00:00'),
-- 商品6 SKU
(13, '', 6, 'SKU-006-1', 'https://dummyimage.com/400x400/f6f6f6/999999&text=Premium+White', '{"size":"1.8m","color":"月光白"}', 1299.00, 1899.00, 700.00, 6, 0, 2, 8, 3.2, 0.028, 1, '2026-02-10 00:00:00', '2026-03-10 00:00:00'),
(14, '', 6, 'SKU-006-2', 'https://dummyimage.com/400x400/f6f6f6/999999&text=Premium+Blue', '{"size":"2.0m","color":"星空蓝"}', 1699.00, 2299.00, 900.00, 4, 0, 2, 10, 3.8, 0.032, 1, '2026-02-10 00:00:00', '2026-03-10 00:00:00');

-- SKU 规格关联
INSERT INTO `sku_spec_relations` (`id`, `_openid`, `sku_id`, `spec_group_id`, `spec_value_id`) VALUES
-- SKU 1: 1.5m + 全棉
(1, '', 1, 1, 1),
(2, '', 1, 2, 4),
-- SKU 2: 1.8m + 全棉
(3, '', 2, 1, 2),
(4, '', 2, 2, 4),
-- SKU 3: 2.0m + 天丝
(5, '', 3, 1, 3),
(6, '', 3, 2, 5),
-- SKU 4: 150x200 + 磨毛
(7, '', 4, 3, 6),
(8, '', 4, 4, 8),
-- SKU 5: 200x230 + 磨毛
(9, '', 5, 3, 7),
(10, '', 5, 4, 8),
-- SKU 6: 1.5m + 全棉
(11, '', 6, 5, 9),
(12, '', 6, 6, 11),
-- SKU 7: 1.8m + 全棉
(13, '', 7, 5, 10),
(14, '', 7, 6, 11),
-- SKU 8: 标准款 + 乳胶
(15, '', 8, 7, 12),
(16, '', 8, 8, 14),
-- SKU 9: 加高款 + 乳胶
(17, '', 9, 7, 13),
(18, '', 9, 8, 14),
-- SKU 10: 1.5m + 龙凤呈祥
(19, '', 10, 9, 15),
(20, '', 10, 10, 18),
-- SKU 11: 1.8m + 龙凤呈祥
(21, '', 11, 9, 16),
(22, '', 11, 10, 18),
-- SKU 12: 2.0m + 百年好合
(23, '', 12, 9, 17),
(24, '', 12, 10, 19),
-- SKU 13: 1.8m + 月光白
(25, '', 13, 11, 20),
(26, '', 13, 12, 22),
-- SKU 14: 2.0m + 星空蓝
(27, '', 14, 11, 21),
(28, '', 14, 12, 23);

-- 商品媒体（主图、详情图、场景图）
INSERT INTO `product_media` (`id`, `_openid`, `product_id`, `media_type`, `media_url`, `cover_url`, `sort_order`, `created_at`) VALUES
-- 商品1媒体
(1, '', 1, 1, 'https://dummyimage.com/400x400/f6f6f6/999999&text=Yu+Home+01', NULL, 1, '2026-01-10 00:00:00'),
(2, '', 1, 2, 'https://dummyimage.com/750x750/f6f6f6/999999&text=Detail01', NULL, 1, '2026-01-10 00:00:00'),
(3, '', 1, 2, 'https://dummyimage.com/750x750/f6f6f6/999999&text=Detail02', NULL, 2, '2026-01-10 00:00:00'),
(4, '', 1, 3, 'https://dummyimage.com/750x500/f6f6f6/999999&text=Scene01', NULL, 1, '2026-01-10 00:00:00'),
-- 商品2媒体
(5, '', 2, 1, 'https://dummyimage.com/400x400/f6f6f6/999999&text=Yu+Home+02', NULL, 1, '2026-01-12 00:00:00'),
(6, '', 2, 2, 'https://dummyimage.com/750x750/f6f6f6/999999&text=Detail03', NULL, 1, '2026-01-12 00:00:00'),
-- 商品3媒体
(7, '', 3, 1, 'https://dummyimage.com/400x400/f6f6f6/999999&text=Yu+Home+03', NULL, 1, '2026-01-15 00:00:00'),
-- 商品4媒体
(8, '', 4, 1, 'https://dummyimage.com/400x400/f6f6f6/999999&text=Yu+Home+04', NULL, 1, '2026-01-18 00:00:00'),
-- 商品5媒体
(9, '', 5, 1, 'https://dummyimage.com/400x400/f6f6f6/999999&text=Yu+Home+05', NULL, 1, '2026-02-01 00:00:00'),
(10, '', 5, 3, 'https://dummyimage.com/750x500/f6f6f6/999999&text=Wedding+Scene', NULL, 1, '2026-02-01 00:00:00'),
-- 商品6媒体
(11, '', 6, 1, 'https://dummyimage.com/400x400/f6f6f6/999999&text=Yu+Home+06', NULL, 1, '2026-02-10 00:00:00');

-- 商品详情属性
INSERT INTO `product_detail_attrs` (`id`, `_openid`, `product_id`, `attr_name`, `attr_value`, `group_name`, `sort_order`, `created_at`) VALUES
-- 商品1属性
(1, '', 1, '材质', '60支长绒棉', '参数', 1, '2026-01-10 00:00:00'),
(2, '', 1, '支数', '60S', '参数', 2, '2026-01-10 00:00:00'),
(3, '', 1, '填充物', '无', '参数', 3, '2026-01-10 00:00:00'),
(4, '', 1, '适用季节', '四季通用', '参数', 4, '2026-01-10 00:00:00'),
(5, '', 1, '套件组成', '床单1条+被套1条+枕套2个', '套件组成', 1, '2026-01-10 00:00:00'),
(6, '', 1, '洗护说明', '可机洗，低温熨烫', '洗护', 1, '2026-01-10 00:00:00'),
-- 商品2属性
(7, '', 2, '材质', '抗菌羽丝绒', '参数', 1, '2026-01-12 00:00:00'),
(8, '', 2, '填充物', '羽丝绒', '参数', 2, '2026-01-12 00:00:00'),
(9, '', 2, '适用季节', '秋冬', '参数', 3, '2026-01-12 00:00:00'),
-- 商品4属性
(10, '', 4, '材质', '天然乳胶', '参数', 1, '2026-01-18 00:00:00'),
(11, '', 4, '功能', '护颈、分区支撑', '参数', 2, '2026-01-18 00:00:00'),
(12, '', 4, '高度', '标准款10cm/加高款12cm', '参数', 3, '2026-01-18 00:00:00');

-- -----------------------------------------------------
-- 4. 筛选属性
-- -----------------------------------------------------

INSERT INTO `filter_attributes` (`id`, `_openid`, `attr_code`, `attr_name`, `input_type`, `sort_order`, `status`, `created_at`, `updated_at`) VALUES
(1, '', 'size', '尺寸', 1, 1, 1, '2026-01-01 00:00:00', '2026-01-01 00:00:00'),
(2, '', 'material', '材质', 1, 2, 1, '2026-01-01 00:00:00', '2026-01-01 00:00:00'),
(3, '', 'season', '季节', 1, 3, 1, '2026-01-01 00:00:00', '2026-01-01 00:00:00'),
(4, '', 'price', '价格区间', 3, 4, 1, '2026-01-01 00:00:00', '2026-01-01 00:00:00'),
(5, '', 'style', '风格', 1, 5, 1, '2026-01-01 00:00:00', '2026-01-01 00:00:00');

INSERT INTO `category_filter_attributes` (`id`, `_openid`, `category_id`, `filter_attr_id`, `is_quick_filter`, `sort_order`, `created_at`) VALUES
-- 套件分类筛选项
(1, '', 1, 1, 1, 1, '2026-01-01 00:00:00'),
(2, '', 1, 2, 1, 2, '2026-01-01 00:00:00'),
(3, '', 1, 3, 0, 3, '2026-01-01 00:00:00'),
(4, '', 1, 4, 0, 4, '2026-01-01 00:00:00'),
-- 被子分类筛选项
(5, '', 2, 1, 1, 1, '2026-01-01 00:00:00'),
(6, '', 2, 3, 1, 2, '2026-01-01 00:00:00'),
-- 床盖分类筛选项
(7, '', 3, 1, 1, 1, '2026-01-01 00:00:00'),
(8, '', 3, 2, 0, 2, '2026-01-01 00:00:00');

INSERT INTO `product_filter_values` (`id`, `_openid`, `product_id`, `filter_attr_id`, `filter_value`, `created_at`) VALUES
-- 商品1筛选值
(1, '', 1, 1, '1.5m', '2026-01-10 00:00:00'),
(2, '', 1, 1, '1.8m', '2026-01-10 00:00:00'),
(3, '', 1, 1, '2.0m', '2026-01-10 00:00:00'),
(4, '', 1, 2, '全棉', '2026-01-10 00:00:00'),
(5, '', 1, 2, '天丝', '2026-01-10 00:00:00'),
(6, '', 1, 3, '四季通用', '2026-01-10 00:00:00'),
-- 商品2筛选值
(7, '', 2, 1, '150x200', '2026-01-12 00:00:00'),
(8, '', 2, 1, '200x230', '2026-01-12 00:00:00'),
(9, '', 2, 3, '秋冬', '2026-01-12 00:00:00'),
-- 商品3筛选值
(10, '', 3, 1, '1.5m', '2026-01-15 00:00:00'),
(11, '', 3, 1, '1.8m', '2026-01-15 00:00:00'),
(12, '', 3, 2, '全棉', '2026-01-15 00:00:00'),
-- 商品5筛选值（婚嫁）
(13, '', 5, 1, '1.5m', '2026-02-01 00:00:00'),
(14, '', 5, 1, '1.8m', '2026-02-01 00:00:00'),
(15, '', 5, 1, '2.0m', '2026-02-01 00:00:00'),
(16, '', 5, 5, '婚嫁', '2026-02-01 00:00:00');

-- -----------------------------------------------------
-- 5. Banner 与专题
-- -----------------------------------------------------

INSERT INTO `banners` (`id`, `_openid`, `image_url`, `title`, `subtitle`, `link_type`, `link_value`, `sort_order`, `status`, `start_time`, `end_time`, `created_at`, `updated_at`) VALUES
(1, '', 'https://dummyimage.com/750x300/ff6b9d/ffffff&text=春季焕新季', '春季焕新季', '全场满299减30', 'topic', '1', 1, 1, '2026-03-01 00:00:00', '2026-03-31 23:59:59', '2026-03-01 00:00:00', '2026-03-01 00:00:00'),
(2, '', 'https://dummyimage.com/750x300/f6b93b/ffffff&text=婚嫁专区', '婚嫁专区', '精选婚礼床品', 'topic', '2', 2, 1, '2026-01-01 00:00:00', '2026-12-31 23:59:59', '2026-01-01 00:00:00', '2026-01-01 00:00:00'),
(3, '', 'https://dummyimage.com/750x300/4a90e2/ffffff&text=专柜精选', '专柜精选', '高端品质之选', 'topic', '3', 3, 1, '2026-01-01 00:00:00', '2026-12-31 23:59:59', '2026-01-01 00:00:00', '2026-01-01 00:00:00'),
(4, '', 'https://dummyimage.com/750x300/7ed321/ffffff&text=新品上市', '新品上市', '60支长绒棉系列', 'product', '1', 4, 1, '2026-01-10 00:00:00', '2026-06-30 23:59:59', '2026-01-10 00:00:00', '2026-01-10 00:00:00');

INSERT INTO `topics` (`id`, `_openid`, `topic_no`, `title`, `subtitle`, `cover_image`, `theme_type`, `description`, `content_json`, `start_time`, `end_time`, `status`, `sort_order`, `created_at`, `updated_at`) VALUES
(1, '', 'TOPIC-001', '春季焕新季', '换季床品优选', 'https://dummyimage.com/750x300/ff6b9d/ffffff&text=春季焕新', 'seasonal', '春季床品换新专场，精选全棉、天丝材质，适合春季使用。', NULL, '2026-03-01 00:00:00', '2026-03-31 23:59:59', 1, 1, '2026-03-01 00:00:00', '2026-03-01 00:00:00'),
(2, '', 'TOPIC-002', '婚嫁专区', '婚礼床品推荐', 'https://dummyimage.com/750x300/f6b93b/ffffff&text=婚嫁专区', 'wedding', '精选婚礼床品，传统刺绣工艺，寓意吉祥如意。', NULL, '2026-01-01 00:00:00', '2026-12-31 23:59:59', 1, 2, '2026-01-01 00:00:00', '2026-01-01 00:00:00'),
(3, '', 'TOPIC-003', '专柜精选', '高端品质之选', 'https://dummyimage.com/750x300/4a90e2/ffffff&text=专柜精选', 'counter', '专柜同款，100支天丝、真丝等高端材质，品质生活之选。', NULL, '2026-01-01 00:00:00', '2026-12-31 23:59:59', 1, 3, '2026-01-01 00:00:00', '2026-01-01 00:00:00');

INSERT INTO `topic_products` (`id`, `_openid`, `topic_id`, `product_id`, `recommend_reason`, `sort_order`, `created_at`) VALUES
-- 春季焕新季
(1, '', 1, 1, '春季首选，透气亲肤', 1, '2026-03-01 00:00:00'),
(2, '', 1, 2, '换季保暖，过渡佳选', 2, '2026-03-01 00:00:00'),
(3, '', 1, 3, '柔软舒适，四季皆宜', 3, '2026-03-01 00:00:00'),
-- 婚嫁专区
(4, '', 2, 5, '传统刺绣，婚嫁必备', 1, '2026-01-01 00:00:00'),
(5, '', 2, 1, '轻奢风格，品质之选', 2, '2026-01-01 00:00:00'),
-- 专柜精选
(6, '', 3, 6, '专柜同款，高端之选', 1, '2026-01-01 00:00:00'),
(7, '', 3, 1, '品质入门，性价比高', 2, '2026-01-01 00:00:00');

-- -----------------------------------------------------
-- 6. 推荐位与商品关联
-- -----------------------------------------------------

INSERT INTO `recommend_positions` (`id`, `_openid`, `position_code`, `position_name`, `page_code`, `biz_type`, `status`, `created_at`, `updated_at`) VALUES
(1, '', 'home_hot', '首页热销推荐', 'home', 'product', 1, '2026-01-01 00:00:00', '2026-01-01 00:00:00'),
(2, '', 'home_new', '首页新品推荐', 'home', 'product', 1, '2026-01-01 00:00:00', '2026-01-01 00:00:00'),
(3, '', 'detail_bundle', '详情搭配推荐', 'product_detail', 'product', 1, '2026-01-01 00:00:00', '2026-01-01 00:00:00'),
(4, '', 'cart_empty', '购物车空态推荐', 'cart', 'product', 1, '2026-01-01 00:00:00', '2026-01-01 00:00:00');

INSERT INTO `recommend_items` (`id`, `_openid`, `position_id`, `biz_type`, `biz_id`, `ext_json`, `sort_order`, `status`, `start_time`, `end_time`, `created_at`, `updated_at`) VALUES
-- 首页热销推荐
(1, '', 1, 'product', 4, NULL, 1, 1, NULL, NULL, '2026-01-01 00:00:00', '2026-01-01 00:00:00'),
(2, '', 1, 'product', 3, NULL, 2, 1, NULL, NULL, '2026-01-01 00:00:00', '2026-01-01 00:00:00'),
(3, '', 1, 'product', 1, NULL, 3, 1, NULL, NULL, '2026-01-01 00:00:00', '2026-01-01 00:00:00'),
-- 首页新品推荐
(4, '', 2, 'product', 3, NULL, 1, 1, NULL, NULL, '2026-01-01 00:00:00', '2026-01-01 00:00:00'),
(5, '', 2, 'product', 5, NULL, 2, 1, NULL, NULL, '2026-01-01 00:00:00', '2026-01-01 00:00:00'),
(6, '', 2, 'product', 6, NULL, 3, 1, NULL, NULL, '2026-01-01 00:00:00', '2026-01-01 00:00:00'),
-- 详情搭配推荐（搭配床品+被子+枕头）
(7, '', 3, 'product', 2, '{"relation":"配套推荐"}', 1, 1, NULL, NULL, '2026-01-01 00:00:00', '2026-01-01 00:00:00'),
(8, '', 3, 'product', 4, '{"relation":"配套推荐"}', 2, 1, NULL, NULL, '2026-01-01 00:00:00', '2026-01-01 00:00:00');

INSERT INTO `product_relations` (`id`, `_openid`, `product_id`, `related_product_id`, `relation_type`, `sort_order`, `status`, `created_at`, `updated_at`) VALUES
-- 四件套搭配被子、枕头
(1, '', 1, 2, 'bundle', 1, 1, '2026-01-10 00:00:00', '2026-01-10 00:00:00'),
(2, '', 1, 4, 'bundle', 2, 1, '2026-01-10 00:00:00', '2026-01-10 00:00:00'),
-- 枕头搭配四件套
(3, '', 4, 1, 'bundle', 1, 1, '2026-01-18 00:00:00', '2026-01-18 00:00:00'),
-- 被子搭配四件套
(4, '', 2, 1, 'bundle', 1, 1, '2026-01-12 00:00:00', '2026-01-12 00:00:00');

-- -----------------------------------------------------
-- 7. 搜索配置
-- -----------------------------------------------------

INSERT INTO `search_hot_keywords` (`id`, `_openid`, `keyword`, `sort_order`, `status`, `created_at`) VALUES
(1, '', '四件套', 1, 1, '2026-01-01 00:00:00'),
(2, '', '冬被', 2, 1, '2026-01-01 00:00:00'),
(3, '', '乳胶枕', 3, 1, '2026-01-01 00:00:00'),
(4, '', '婚嫁床品', 4, 1, '2026-01-01 00:00:00'),
(5, '', '天丝', 5, 1, '2026-01-01 00:00:00'),
(6, '', '全棉', 6, 1, '2026-01-01 00:00:00');

INSERT INTO `search_suggest_keywords` (`id`, `_openid`, `keyword`, `suggest_word`, `target_type`, `target_id`, `weight`, `status`, `created_at`, `updated_at`) VALUES
(1, '', '四', '四件套', 'product', 1, 100, 1, '2026-01-01 00:00:00', '2026-01-01 00:00:00'),
(2, '', '四', '四件套全棉', 'product', 1, 90, 1, '2026-01-01 00:00:00', '2026-01-01 00:00:00'),
(3, '', '被', '被子', 'category', 2, 100, 1, '2026-01-01 00:00:00', '2026-01-01 00:00:00'),
(4, '', '被', '冬被', 'product', 2, 95, 1, '2026-01-01 00:00:00', '2026-01-01 00:00:00'),
(5, '', '枕', '枕头', 'category', 4, 100, 1, '2026-01-01 00:00:00', '2026-01-01 00:00:00'),
(6, '', '枕', '乳胶枕', 'product', 4, 95, 1, '2026-01-01 00:00:00', '2026-01-01 00:00:00'),
(7, '', '婚', '婚嫁', 'category', 6, 100, 1, '2026-01-01 00:00:00', '2026-01-01 00:00:00'),
(8, '', '婚', '婚嫁床品', 'product', 5, 90, 1, '2026-01-01 00:00:00', '2026-01-01 00:00:00');

-- -----------------------------------------------------
-- 8. 用户与用户行为（测试账号）
-- -----------------------------------------------------

INSERT INTO `users` (`id`, `_openid`, `openid`, `unionid`, `nickname`, `avatar_url`, `phone_cipher`, `phone_mask`, `gender`, `member_level_code`, `status`, `register_source`, `last_login_at`, `last_active_at`, `created_at`, `updated_at`) VALUES
(1, 'test_openid_001', 'test_openid_001', NULL, '测试用户1', 'https://dummyimage.com/100x100/f6f6f6/999999&text=User1', 'encrypted_phone_001', '138****0001', 1, 'silver', 1, 'wx_miniapp', '2026-03-15 10:00:00', '2026-03-15 10:30:00', '2026-01-15 00:00:00', '2026-03-15 10:30:00'),
(2, 'test_openid_002', 'test_openid_002', NULL, '测试用户2', 'https://dummyimage.com/100x100/f6f6f6/999999&text=User2', 'encrypted_phone_002', '138****0002', 2, 'gold', 1, 'wx_miniapp', '2026-03-14 15:00:00', '2026-03-15 09:00:00', '2026-02-01 00:00:00', '2026-03-15 09:00:00');

INSERT INTO `user_addresses` (`id`, `_openid`, `user_id`, `consignee`, `phone_cipher`, `phone_mask`, `province`, `city`, `district`, `street`, `detail_address`, `postal_code`, `tag`, `longitude`, `latitude`, `is_default`, `deleted`, `created_at`, `updated_at`) VALUES
(1, 'test_openid_001', 1, '张三', 'encrypted_phone_001', '138****0001', '北京市', '北京市', '朝阳区', '望京街道', '望京SOHO T3 1001室', '100102', '公司', 116.481028, 39.996410, 1, 0, '2026-01-20 00:00:00', '2026-01-20 00:00:00'),
(2, 'test_openid_001', 1, '张三', 'encrypted_phone_001', '138****0001', '北京市', '北京市', '海淀区', '中关村街道', '中关村软件园二期', '100085', '家', 116.310003, 39.991957, 0, 0, '2026-01-25 00:00:00', '2026-01-25 00:00:00'),
(3, 'test_openid_002', 2, '李四', 'encrypted_phone_002', '138****0002', '上海市', '上海市', '浦东新区', '陆家嘴街道', '陆家嘴金融中心88号', '200120', '公司', 121.501240, 31.238250, 1, 0, '2026-02-10 00:00:00', '2026-02-10 00:00:00');

INSERT INTO `user_favorites` (`id`, `_openid`, `user_id`, `product_id`, `deleted`, `created_at`, `updated_at`) VALUES
(1, 'test_openid_001', 1, 1, 0, '2026-02-01 00:00:00', '2026-02-01 00:00:00'),
(2, 'test_openid_001', 1, 4, 0, '2026-02-05 00:00:00', '2026-02-05 00:00:00'),
(3, 'test_openid_002', 2, 5, 0, '2026-02-15 00:00:00', '2026-02-15 00:00:00');

INSERT INTO `user_footprints` (`id`, `_openid`, `user_id`, `product_id`, `source_page`, `viewed_at`) VALUES
(1, 'test_openid_001', 1, 1, 'home', '2026-03-15 09:00:00'),
(2, 'test_openid_001', 1, 2, 'category', '2026-03-15 09:15:00'),
(3, 'test_openid_001', 1, 4, 'recommend', '2026-03-15 09:30:00'),
(4, 'test_openid_002', 2, 5, 'topic', '2026-03-14 16:00:00'),
(5, 'test_openid_002', 2, 6, 'home', '2026-03-14 16:30:00');

-- -----------------------------------------------------
-- 9. 优惠券
-- -----------------------------------------------------

INSERT INTO `coupons` (`id`, `_openid`, `coupon_no`, `name`, `type`, `value`, `threshold`, `scope_type`, `can_stack`, `receive_limit_per_user`, `total_count`, `remain_count`, `use_rule_desc`, `start_time`, `end_time`, `status`, `created_at`, `updated_at`) VALUES
(1, '', 'COUPON-001', '新用户专享券', 1, 30.00, 199.00, 1, 0, 1, 1000, 850, '全场满199减30，仅限新用户领取', '2026-01-01 00:00:00', '2026-12-31 23:59:59', 1, '2026-01-01 00:00:00', '2026-01-01 00:00:00'),
(2, '', 'COUPON-002', '春季焕新券', 1, 50.00, 399.00, 1, 0, 2, 500, 420, '全场满399减50，可与积分叠加', '2026-03-01 00:00:00', '2026-03-31 23:59:59', 1, '2026-03-01 00:00:00', '2026-03-01 00:00:00'),
(3, '', 'COUPON-003', '套件专享券', 1, 20.00, 299.00, 2, 0, 3, 300, 280, '套件分类满299减20', '2026-01-01 00:00:00', '2026-06-30 23:59:59', 1, '2026-01-01 00:00:00', '2026-01-01 00:00:00'),
(4, '', 'COUPON-004', '专柜折扣券', 2, 85.00, 999.00, 3, 0, 2, 100, 95, '专柜系列商品享85折，满999可用', '2026-01-01 00:00:00', '2026-12-31 23:59:59', 1, '2026-01-01 00:00:00', '2026-01-01 00:00:00');

INSERT INTO `coupon_scope_relations` (`id`, `_openid`, `coupon_id`, `scope_type`, `target_id`, `created_at`) VALUES
-- 套件专享券（分类ID=1）
(1, '', 3, 2, 1, '2026-01-01 00:00:00'),
-- 专柜折扣券（商品ID=6）
(2, '', 4, 3, 6, '2026-01-01 00:00:00');

INSERT INTO `user_coupons` (`id`, `_openid`, `user_id`, `coupon_id`, `source_type`, `status`, `order_id`, `receive_time`, `lock_time`, `use_time`, `expire_time`, `created_at`, `updated_at`) VALUES
-- 用户1领取的优惠券
(1, 'test_openid_001', 1, 1, 'new_user', 0, NULL, '2026-01-15 00:00:00', NULL, NULL, '2026-12-31 23:59:59', '2026-01-15 00:00:00', '2026-01-15 00:00:00'),
(2, 'test_openid_001', 1, 2, 'manual', 0, NULL, '2026-03-10 00:00:00', NULL, NULL, '2026-03-31 23:59:59', '2026-03-10 00:00:00', '2026-03-10 00:00:00'),
-- 用户2领取的优惠券（已使用）
(3, 'test_openid_002', 2, 1, 'new_user', 1, 1001, '2026-02-01 00:00:00', '2026-02-10 00:00:00', '2026-02-10 00:00:00', '2026-12-31 23:59:59', '2026-02-01 00:00:00', '2026-02-10 00:00:00');

-- -----------------------------------------------------
-- 10. 积分与储值卡
-- -----------------------------------------------------

INSERT INTO `user_points_accounts` (`id`, `_openid`, `user_id`, `total_points`, `available_points`, `frozen_points`, `expire_points`, `updated_at`) VALUES
(1, 'test_openid_001', 1, 1200, 850, 0, 0, '2026-03-15 00:00:00'),
(2, 'test_openid_002', 2, 580, 280, 0, 0, '2026-03-14 00:00:00');

INSERT INTO `user_points_logs` (`id`, `_openid`, `user_id`, `change_type`, `points`, `business_type`, `business_id`, `remark`, `created_at`) VALUES
(1, 'test_openid_001', 1, 1, 500, 'order', 1001, '下单获得积分', '2026-02-10 00:00:00'),
(2, 'test_openid_001', 1, 1, 200, 'activity', NULL, '签到奖励', '2026-02-15 00:00:00'),
(3, 'test_openid_001', 1, 2, -100, 'order', 1002, '下单抵扣积分', '2026-03-01 00:00:00'),
(4, 'test_openid_002', 2, 1, 300, 'order', 2001, '下单获得积分', '2026-02-20 00:00:00');

INSERT INTO `stored_value_cards` (`id`, `_openid`, `card_no`, `card_type`, `user_id`, `card_name`, `balance`, `total_amount`, `status`, `expire_time`, `activated_at`, `created_at`, `updated_at`) VALUES
(1, 'test_openid_001', 'CARD-001', 1, 1, '会员储值卡', 500.00, 1000.00, 2, '2027-12-31 23:59:59', '2026-01-20 00:00:00', '2026-01-15 00:00:00', '2026-03-10 00:00:00'),
(2, 'test_openid_002', 'CARD-002', 2, 2, '礼品卡', 200.00, 200.00, 2, '2026-12-31 23:59:59', '2026-02-10 00:00:00', '2026-02-05 00:00:00', '2026-02-10 00:00:00');

-- -----------------------------------------------------
-- 11. 购物车（测试数据）
-- -----------------------------------------------------

INSERT INTO `cart_items` (`id`, `_openid`, `user_id`, `product_id`, `sku_id`, `quantity`, `is_selected`, `invalid_reason`, `created_at`, `updated_at`) VALUES
(1, 'test_openid_001', 1, 1, 2, 1, 1, NULL, '2026-03-10 00:00:00', '2026-03-15 09:00:00'),
(2, 'test_openid_001', 1, 4, 8, 2, 1, NULL, '2026-03-12 00:00:00', '2026-03-15 09:00:00');

-- -----------------------------------------------------
-- 12. 订单示例（已完成的订单）
-- -----------------------------------------------------

INSERT INTO `orders` (`id`, `_openid`, `order_no`, `user_id`, `order_type`, `total_amount`, `discount_amount`, `coupon_amount`, `points_amount`, `card_amount`, `freight_amount`, `pay_amount`, `status`, `pay_status`, `source_type`, `pay_channel`, `consignee_info`, `price_snapshot`, `remark`, `buyer_message`, `payment_time`, `delivery_time`, `finish_time`, `cancel_time`, `cancel_reason`, `close_time`, `auto_close_time`, `created_at`, `updated_at`) VALUES
(1001, 'test_openid_002', 'ORD-20260210-001', 2, 1, 699.00, 30.00, 30.00, 0.00, 0.00, 0.00, 669.00, 40, 20, 'home', 1, '{"consignee":"李四","phone":"138****0002","province":"上海市","city":"上海市","district":"浦东新区","detail_address":"陆家嘴金融中心88号"}', '{"subtotal":699,"coupon":30,"pay_amount":669}', NULL, NULL, '2026-02-10 10:05:00', '2026-02-11 14:00:00', '2026-02-15 16:30:00', NULL, NULL, NULL, NULL, '2026-02-10 10:00:00', '2026-02-15 16:30:00'),
(1002, 'test_openid_001', 'ORD-20260301-001', 1, 1, 399.00, 10.00, 0.00, 10.00, 0.00, 0.00, 389.00, 40, 20, 'cart', 1, '{"consignee":"张三","phone":"138****0001","province":"北京市","city":"北京市","district":"朝阳区","detail_address":"望京SOHO T3 1001室"}', '{"subtotal":399,"points":10,"pay_amount":389}', '尽快发货', NULL, '2026-03-01 15:30:00', '2026-03-02 10:00:00', '2026-03-08 11:00:00', NULL, NULL, NULL, NULL, '2026-03-01 15:25:00', '2026-03-08 11:00:00');

INSERT INTO `order_items` (`id`, `_openid`, `order_id`, `product_id`, `product_title`, `product_image`, `sku_id`, `sku_code`, `sku_specs`, `unit_price`, `original_price`, `discount_amount`, `quantity`, `subtotal`, `refund_status`, `created_at`) VALUES
-- 订单1001明细
(1, 'test_openid_002', 1001, 1, '60支长绒棉四件套', 'https://dummyimage.com/400x400/f6f6f6/999999&text=Yu+Home+01', 2, 'SKU-001-2', '1.8m / 全棉', 399.00, 699.00, 10.00, 1, 389.00, 0, '2026-02-10 10:00:00'),
(2, 'test_openid_002', 1001, 4, '轻奢乳胶护颈枕', 'https://dummyimage.com/400x400/f6f6f6/999999&text=Yu+Home+04', 8, 'SKU-004-1', '标准款 / 乳胶', 159.00, 259.00, 0.00, 1, 159.00, 0, '2026-02-10 10:00:00'),
-- 订单1002明细
(3, 'test_openid_001', 1002, 1, '60支长绒棉四件套', 'https://dummyimage.com/400x400/f6f6f6/999999&text=Yu+Home+01', 2, 'SKU-001-2', '1.8m / 全棉', 399.00, 699.00, 10.00, 1, 389.00, 0, '2026-03-01 15:25:00');

INSERT INTO `payment_records` (`id`, `_openid`, `order_id`, `order_no`, `pay_channel`, `out_trade_no`, `transaction_id`, `pay_amount`, `pay_status`, `fail_reason`, `callback_payload`, `paid_at`, `refunded_at`, `created_at`) VALUES
(1, 'test_openid_002', 1001, 'ORD-20260210-001', 1, 'WX202602101005001', 'WX_TRANS_001', 669.00, 20, NULL, '{"bank_type":"CMC","trade_type":"JSAPI"}', '2026-02-10 10:05:00', NULL, '2026-02-10 10:00:00'),
(2, 'test_openid_001', 1002, 'ORD-20260301-001', 1, 'WX202603011530001', 'WX_TRANS_002', 389.00, 20, NULL, '{"bank_type":"CCB","trade_type":"JSAPI"}', '2026-03-01 15:30:00', NULL, '2026-03-01 15:25:00');

-- -----------------------------------------------------
-- 13. 发货与物流
-- -----------------------------------------------------

INSERT INTO `shipments` (`id`, `_openid`, `order_id`, `shipment_no`, `company_code`, `company_name`, `tracking_no`, `ship_status`, `receiver_name`, `receiver_phone_mask`, `shipped_at`, `received_at`, `created_at`, `updated_at`) VALUES
(1, 'test_openid_002', 1001, 'SHIP-20260211-001', 'SF', '顺丰速运', 'SF1234567890', 30, '李四', '138****0002', '2026-02-11 14:00:00', '2026-02-15 16:30:00', '2026-02-11 14:00:00', '2026-02-15 16:30:00'),
(2, 'test_openid_001', 1002, 'SHIP-20260302-001', 'YTO', '圆通速递', 'YT9876543210', 30, '张三', '138****0001', '2026-03-02 10:00:00', '2026-03-08 11:00:00', '2026-03-02 10:00:00', '2026-03-08 11:00:00');

INSERT INTO `shipment_tracks` (`id`, `_openid`, `shipment_id`, `node_time`, `node_status`, `node_content`, `location`, `operator`, `source_type`, `created_at`) VALUES
-- 发货单1物流轨迹
(1, 'test_openid_002', 1, '2026-02-11 14:00:00', 'shipped', '快件已发出，正在发往上海市浦东新区', '北京市朝阳区', '顺丰速运', 1, '2026-02-11 14:00:00'),
(2, 'test_openid_002', 1, '2026-02-12 08:00:00', 'transit', '快件到达上海转运中心', '上海市', '顺丰速运', 1, '2026-02-12 08:00:00'),
(3, 'test_openid_002', 1, '2026-02-13 09:30:00', 'transit', '快件到达浦东新区营业点', '上海市浦东新区', '顺丰速运', 1, '2026-02-13 09:30:00'),
(4, 'test_openid_002', 1, '2026-02-14 10:00:00', 'delivery', '快递员正在派送中', '上海市浦东新区', '顺丰快递员', 1, '2026-02-14 10:00:00'),
(5, 'test_openid_002', 1, '2026-02-15 16:30:00', 'signed', '快件已签收，签收人：本人', '上海市浦东新区陆家嘴金融中心88号', '本人签收', 1, '2026-02-15 16:30:00'),
-- 发货单2物流轨迹
(6, 'test_openid_001', 2, '2026-03-02 10:00:00', 'shipped', '快件已发出，正在发往北京市朝阳区', '上海市', '圆通速递', 1, '2026-03-02 10:00:00'),
(7, 'test_openid_001', 2, '2026-03-04 15:00:00', 'transit', '快件到达北京转运中心', '北京市', '圆通速递', 1, '2026-03-04 15:00:00'),
(8, 'test_openid_001', 2, '2026-03-05 09:00:00', 'transit', '快件到达朝阳区营业点', '北京市朝阳区', '圆通速递', 1, '2026-03-05 09:00:00'),
(9, 'test_openid_001', 2, '2026-03-06 14:00:00', 'delivery', '快递员正在派送中', '北京市朝阳区望京街道', '圆通快递员', 1, '2026-03-06 14:00:00'),
(10, 'test_openid_001', 2, '2026-03-08 11:00:00', 'signed', '快件已签收，签收人：本人', '北京市朝阳区望京SOHO T3 1001室', '本人签收', 1, '2026-03-08 11:00:00');

-- -----------------------------------------------------
-- 14. 订单日志
-- -----------------------------------------------------

INSERT INTO `order_logs` (`id`, `_openid`, `order_id`, `action`, `operator_type`, `operator_id`, `remark`, `ext_json`, `created_at`) VALUES
(1, 'test_openid_002', 1001, 'USER_CREATE', 1, 2, '用户下单', NULL, '2026-02-10 10:00:00'),
(2, 'test_openid_002', 1001, 'USER_PAY', 1, 2, '用户支付成功', '{"pay_channel":"wechat","pay_amount":669}', '2026-02-10 10:05:00'),
(3, 'test_openid_002', 1001, 'ADMIN_SHIP', 2, 2, '订单已发货', '{"shipment_id":1,"tracking_no":"SF1234567890"}', '2026-02-11 14:00:00'),
(4, 'test_openid_002', 1001, 'USER_RECEIVE', 1, 2, '用户确认收货', NULL, '2026-02-15 16:30:00'),
(5, 'test_openid_002', 1001, 'SYSTEM_FINISH', 3, NULL, '订单完成', NULL, '2026-02-15 16:30:00');

-- -----------------------------------------------------
-- 15. 售后示例
-- -----------------------------------------------------

INSERT INTO `after_sale_orders` (`id`, `_openid`, `after_sale_no`, `order_id`, `order_item_id`, `user_id`, `type`, `reason_code`, `reason_desc`, `evidence_urls`, `apply_amount`, `approved_amount`, `status`, `refund_status`, `audit_status`, `audit_remark`, `reject_reason`, `refund_channel`, `refund_time`, `close_time`, `created_at`, `updated_at`) VALUES
(1, 'test_openid_001', 'AS-20260310-001', 1002, 3, 1, 1, 'NOT_LIKE', '商品不合适，想要退款', '["https://dummyimage.com/400x400/f6f6f6/999999&text=Evidence1"]', 389.00, 389.00, 60, 2, 20, '同意退款', NULL, 'wechat', '2026-03-12 16:00:00', '2026-03-12 16:05:00', '2026-03-10 14:00:00', '2026-03-12 16:05:00');

INSERT INTO `after_sale_logs` (`id`, `_openid`, `after_sale_id`, `action`, `operator_type`, `operator_id`, `remark`, `ext_json`, `created_at`) VALUES
(1, 'test_openid_001', 1, 'APPLY', 1, 1, '用户申请售后', '{"type":"仅退款","reason":"商品不合适"}', '2026-03-10 14:00:00'),
(2, 'test_openid_001', 1, 'APPROVE', 2, 2, '管理员审核通过', '{"approved_amount":389}', '2026-03-11 10:00:00'),
(3, 'test_openid_001', 1, 'REFUND', 3, NULL, '系统自动退款', '{"refund_channel":"wechat","refund_amount":389}', '2026-03-12 16:00:00'),
(4, 'test_openid_001', 1, 'FINISH', 3, NULL, '售后完成', NULL, '2026-03-12 16:05:00');

-- -----------------------------------------------------
-- 16. 库存流水示例
-- -----------------------------------------------------

INSERT INTO `inventory_logs` (`id`, `_openid`, `sku_id`, `change_type`, `change_qty`, `stock_before`, `stock_after`, `locked_before`, `locked_after`, `business_type`, `business_id`, `remark`, `created_at`) VALUES
(1, '', 2, 4, -1, 41, 40, 1, 2, 'order', 1001, '订单扣减库存', '2026-02-10 10:05:00'),
(2, '', 2, 4, -1, 41, 40, 0, 1, 'order', 1002, '订单扣减库存', '2026-03-01 15:30:00'),
(3, '', 8, 4, -1, 84, 83, 0, 1, 'order', 1001, '订单扣减库存', '2026-02-10 10:05:00');

-- -----------------------------------------------------
-- 17. 后台操作日志示例
-- -----------------------------------------------------

INSERT INTO `operation_logs` (`id`, `_openid`, `operator_id`, `module`, `action`, `target_id`, `content`, `created_at`) VALUES
(1, '', 2, '商品管理', 'CREATE', 1, '创建商品：60支长绒棉四件套', '2026-01-10 00:00:00'),
(2, '', 2, '商品管理', 'UPDATE', 1, '更新商品价格', '2026-01-15 00:00:00'),
(3, '', 2, '订单管理', 'SHIP', 1001, '订单发货：SF1234567890', '2026-02-11 14:00:00'),
(4, '', 2, '售后管理', 'APPROVE', 1, '审核通过售后申请', '2026-03-11 10:00:00');

SET FOREIGN_KEY_CHECKS = 1;

-- -----------------------------------------------------
-- 数据统计
-- -----------------------------------------------------
-- 分类：8 条
-- 商品 SPU：6 个
-- 商品 SKU：14 个
-- 用户：2 个测试账号
-- 订单：2 个（已完成）
-- Banner：4 个
-- 专题：3 个
-- 优惠券：4 张
-- 地址：3 条
-- 购物车：2 条
-- 发货单：2 个（已签收）
-- 物流轨迹：10 条
-- 售后单：1 个（已完成）
-- 后台用户：3 个
-- 后台角色：3 个
-- -----------------------------------------------------
